,Sample Filename,Language
0,000kouqjfnk.mp3,Hmong Daw
1,000w3fewuqj.mp3,Tektiteko
2,000ylhu4sxl.mp3,Teribe
3,0014x3zvjrl.mp3,Chipaya
4,001xjmtk2wx.mp3,KalmykOirat
5,002hrjhbsnk.mp3,Gidar
6,002sjun3mz4.mp3,Dutch
7,003b3pbg4nq.mp3,Konso
8,003piywvcqx.mp3,Bora
9,004ll12esqk.mp3,Waiwai
10,005deeyzv54.mp3,Nigerian Pidgin
11,005di1mlw0y.mp3,CandoshiShapra
12,005edvswgyk.mp3,ShipiboConibo
13,00a4r2sbnef.mp3,Quechua North Junin
14,00aoqprhbif.mp3,Tepehua Tlachichilco
15,00badrrjmwj.mp3,Tobelo
16,00baul5uact.mp3,Zapotec Sierra de Juarez
17,00brigb4vdi.mp3,Wichi Lhamtes Nocten Weenhayek
18,00c3d3fggm3.mp3,Vietnamese
19,00cthsdzdx5.mp3,Mundari
20,00d5cb2avfw.mp3,Pampangan
21,00djhepj4fq.mp3,Chayahuita Shawi
22,00dsfa2ej2d.mp3,Chinantec de Usila
23,00erpd0bpkx.mp3,Huambisa
24,00eyd2oka3j.mp3,Moro
25,00f5t4qix32.mp3,Aruamu
26,00fxphxs2my.mp3,Kok Borok
27,00gc20bfyek.mp3,Huli
28,00igjmrjgry.mp3,Yawa
29,00j42t3pjvb.mp3,Ignaciano
30,00jaidm4vsy.mp3,Tuva
31,00je1iu343n.mp3,Zapotec Isthmus
32,00juxyzefl3.mp3,Bicolano Central
33,00k4y5zsrv5.mp3,Javanese
34,00kbo41tigy.mp3,MofuGudur
35,00lsdppp0rd.mp3,Musgu
36,00mxh043ovm.mp3,Albanian Tosk
37,00qk5kr3p2n.mp3,Dan East
38,00qqkibmkiv.mp3,Gamo
39,00qumr13vr4.mp3,Kiche Cunen
40,00qzfa4g4gt.mp3,Khasi
41,00sjov4u5vh.mp3,Bekwarra
42,00skwuklfvm.mp3,Dinka Northeastern
43,00uhffrv1pk.mp3,Lampung Api
44,00uhkpyfau5.mp3,Pijin
45,00ukzemsowx.mp3,Luwo
46,00unrt4sewt.mp3,Hiligaynon
47,00vu0qablz3.mp3,Quechua Southern Conchucos Ancash
48,00w4s1tbnhn.mp3,Shuar
49,00waqdbgqag.mp3,Paumari
50,00weq3ozowe.mp3,Alladian
51,00ydwow4cpw.mp3,Chamacoco
52,00ywwvulzwa.mp3,Hindi
53,00zgb20fl2k.mp3,Lao
54,00zu5bv45zk.mp3,Adiokrou
55,0105mgqy3j0.mp3,Patamona
56,010egkjbgco.mp3,Cakchiquel South Central
57,010xlmmvatb.mp3,Garhwali
58,0133tjycmif.mp3,Munukutuba
59,014hk5qgt5k.mp3,Anufo
60,014lbrgsgq4.mp3,Madi
61,0153zqzfku5.mp3,Duala
62,015duoook1m.mp3,Tzeltal Bachajon
63,015gjk3m0ru.mp3,Yali Angguruk
64,015kp2g023d.mp3,Quechua Eastern
65,015qhatrwiz.mp3,Kilivila Kiriwina
66,01aefw4qxir.mp3,Awa PNG
67,01ghlt02ffq.mp3,Mixtec Ayutla
68,01ijokepc0t.mp3,Napu
69,01jdqwaapya.mp3,Kashinawa
70,01kax00ongr.mp3,Karakalpak
71,01kpr5uttk2.mp3,Carib
72,01lhc5uajri.mp3,Polish
73,01lpjmw3x4d.mp3,Quechua MargosYarowilcaLauricocha
74,01mihdacmlk.mp3,Sasak
75,01nqkeltm0m.mp3,Oromo Eastern
76,01pd0w1exxo.mp3,Bhojpuri
77,01rfejz2skk.mp3,Ese Ejja
78,01rx2x0zkqt.mp3,Ipili
79,01scvdrmvxa.mp3,Arabic Sudanese Spoken
80,0agau5xpaui.mp3,Arabic Sudanese Spoken
81,0aht55mhvic.mp3,Arabic Sudanese Spoken
82,0cj0dv3rg10.mp3,Arabic Sudanese Spoken
83,0ghwcuimh2w.mp3,Arabic Sudanese Spoken
84,0l4npg2rhhi.mp3,Arabic Sudanese Spoken
85,0neuvw1nuji.mp3,Arabic Sudanese Spoken
86,0otxhxem4le.mp3,Arabic Sudanese Spoken
87,0phxnncpy3s.mp3,Arabic Sudanese Spoken
88,0upr4uesuca.mp3,Arabic Sudanese Spoken
89,0vbnpifgrsr.mp3,Arabic Sudanese Spoken
90,0zbkwk5os4p.mp3,Arabic Sudanese Spoken
91,11vku5unvmm.mp3,Arabic Sudanese Spoken
92,12d3s3zuigh.mp3,Arabic Sudanese Spoken
93,14j0452c1vq.mp3,Arabic Sudanese Spoken
94,1fwuofm1lsw.mp3,Arabic Sudanese Spoken
95,1i41arpcorl.mp3,Arabic Sudanese Spoken
96,1icehqhtw1o.mp3,Arabic Sudanese Spoken
97,1jph1errr4h.mp3,Arabic Sudanese Spoken
98,1k0qeojup3q.mp3,Arabic Sudanese Spoken
99,1pxhjxnkkcg.mp3,Arabic Sudanese Spoken
100,1r52gu0wgah.mp3,Arabic Sudanese Spoken
101,1t212lk24gi.mp3,Arabic Sudanese Spoken
102,1vn32bgroa4.mp3,Arabic Sudanese Spoken
103,1yphcvfbb54.mp3,Arabic Sudanese Spoken
104,01srmgwgfiq.mp3,Kui
105,01sukpx0gv3.mp3,Parecis
106,01sxbe52134.mp3,Themne
107,01t3dyggeff.mp3,Mongondow
108,01tvri4gjoc.mp3,Nahuatl Guerrero
109,01tzshz4c4t.mp3,Belize Kriol English
110,01vjy3jvp5o.mp3,Hadiyya
111,01we5tf4cz0.mp3,Quechua Southern Pastaza
112,01xg11ycpye.mp3,Jur Modo
113,01xpcjogfxd.mp3,Pokoot
114,01yyhxec2cg.mp3,Romanian
115,01zylryaq2g.mp3,Paez
116,021y5d5ejve.mp3,Mentawai
117,0223ch2lmbv.mp3,Shilluk
118,0233qkpak0n.mp3,Arabic Egyptian Spoken
119,03i5cvsjb54.mp3,Arabic Egyptian Spoken
120,04m3torwtxa.mp3,Arabic Egyptian Spoken
121,054fitjtuds.mp3,Arabic Egyptian Spoken
122,0dhgzummzgy.mp3,Arabic Egyptian Spoken
123,0go13xqkr5t.mp3,Arabic Egyptian Spoken
124,0izn4mh4gkf.mp3,Arabic Egyptian Spoken
125,0omavivqyqo.mp3,Arabic Egyptian Spoken
126,0td5mwk4kdf.mp3,Arabic Egyptian Spoken
127,12gllu4fqpf.mp3,Arabic Egyptian Spoken
128,1bfcyhsr0sl.mp3,Arabic Egyptian Spoken
129,1cr0f4mnatk.mp3,Arabic Egyptian Spoken
130,1f1uicjpu05.mp3,Arabic Egyptian Spoken
131,1idu2dm4sdz.mp3,Arabic Egyptian Spoken
132,1khaf0shh43.mp3,Arabic Egyptian Spoken
133,1ndi2rmk053.mp3,Arabic Egyptian Spoken
134,1p4btf3qtfa.mp3,Arabic Egyptian Spoken
135,1tj43msaawf.mp3,Arabic Egyptian Spoken
136,20oi0utf0ly.mp3,Arabic Egyptian Spoken
137,23q3ba02kro.mp3,Arabic Egyptian Spoken
138,24rz4jsv05j.mp3,Arabic Egyptian Spoken
139,25ijyz5weib.mp3,Arabic Egyptian Spoken
140,2aq5kts5lqa.mp3,Arabic Egyptian Spoken
141,2axs0kj0wda.mp3,Arabic Egyptian Spoken
142,2bsuos5waa1.mp3,Arabic Egyptian Spoken
143,023aiz3pllo.mp3,Jingpho
144,023gmk4oswo.mp3,Kyrgyz
145,023rl3zevdg.mp3,Tucano
146,024rkwy3lll.mp3,Pamona_Bahasa Taa
147,02dsgcjm0b5.mp3,Dangaleat
148,02e1ymhzmb4.mp3,Jola Kasa
149,02fb0nrtuio.mp3,Bokyi
150,02gzxukuem2.mp3,Nahuatl Northern Puebla
151,02i5r1u2vfh.mp3,Cofan
152,02ldfel1lxb.mp3,Lobi
153,02mwdxyfopn.mp3,Teso
154,02na1ws4uex.mp3,Sango
155,02nv1dfg4kx.mp3,Morisyen
156,02ofo4dx2xq.mp3,Korean North
157,02pkp0ocbfj.mp3,Malagasy Plateau
158,02prnp5zvqi.mp3,Nahuatl Highland Puebla
159,02q1a5vdv2x.mp3,Kumyk
160,02r2orclh35.mp3,Ojibwa Northwestern
161,02rod4v1q2e.mp3,Murle
162,02t5br3kfbf.mp3,Ticuna
163,02tp5yxfad0.mp3,Peve
164,02xguoi0bkn.mp3,Kuman
165,032dxzmlpx2.mp3,Aymara
166,034zbtnfcxe.mp3,Biate
167,03aelahwdon.mp3,Alangan
168,03cgxnbzx1b.mp3,Otomi Mezquital
169,03d3aa2li2j.mp3,Tol
170,03hl0holuci.mp3,Arabic
171,0b4wo1u4t3z.mp3,Arabic
172,0c3v4q44uga.mp3,Arabic
173,0e0l0fync4v.mp3,Arabic
174,0e3fsexmmai.mp3,Arabic
175,0kspc4hnxxp.mp3,Arabic
176,0pgkuqv5eiz.mp3,Arabic
177,10ov3x3sfur.mp3,Arabic
178,12oazajwp3x.mp3,Arabic
179,1a2pzknhtqh.mp3,Arabic
180,1bpfv2hcqaj.mp3,Arabic
181,1e4ubczp5pe.mp3,Arabic
182,1kh53oknhev.mp3,Arabic
183,1okohqwcrwa.mp3,Arabic
184,1s2izq4pfkw.mp3,Arabic
185,1vplbekray2.mp3,Arabic
186,1zbb11k2d1i.mp3,Arabic
187,2ar1120vxpl.mp3,Arabic
188,2dco01b1d1d.mp3,Arabic
189,2dl0arvevgo.mp3,Arabic
190,2dvvax4iyqi.mp3,Arabic
191,2fxsbghjwhk.mp3,Arabic
192,2g0ntevsmvn.mp3,Arabic
193,2g4heqg54rq.mp3,Arabic
194,2ini5hm1ssm.mp3,Arabic
195,03icabixjay.mp3,Tepehua Pisaflores
196,03ntsedaupm.mp3,Samoan
197,03qxqzf3vzx.mp3,Sauria Paharia
198,03rdbgg5jjq.mp3,Altai Southern
199,03tg3zqkkss.mp3,Malay
200,03ttirwuqb3.mp3,Bali
201,03xkvracdze.mp3,Tamasheq
202,041yltatxlq.mp3,Marba_Azumeina
203,044sbbv3fe1.mp3,Avokaya
204,04bvscfj3gh.mp3,Ixil Nebaj
205,04bx5ifhavt.mp3,Thai
206,04ctcskyn0z.mp3,Palaung Ruching
207,04dulkzave0.mp3,Terena
208,04m1ch2oknq.mp3,Sanuma
209,04mwv12klmk.mp3,Akoose
210,04s5k4sungk.mp3,Kannada
211,04tmpcmr005.mp3,Kazakh
212,04xe05hfn00.mp3,Fai South
213,051204pxiae.mp3,Kalabari
214,051pht23qbf.mp3,Akha
215,053d1hb3ecr.mp3,Romani Sinti
216,055mcuifllo.mp3,Khmer Northern
217,05bncv4l1m3.mp3,Azerbaijani North
218,05etbrmkn0i.mp3,Bench
219,05gihlk5qve.mp3,Naga Ao
220,05goct1es5m.mp3,Eleme
221,05gzzppse5b.mp3,Kolami Northwestern
222,05qzqdxd232.mp3,Huave de San Mateo del Mar
223,05tix3lpswl.mp3,Chuj Ixtatan
224,05zsg1vajf1.mp3,Maka
225,0a3qheozh43.mp3,Mazahua Central
226,0aaatsgitup.mp3,Bru Eastern
227,0acwgcalkob.mp3,Sebat Bet Gurage_Gurage Chaha
228,0adiw4jd2vh.mp3,Korean South
229,0ags4n41shp.mp3,Kera
230,0b1qvo1eivi.mp3,Maya Mopan
231,0b5q552oic0.mp3,Palauan
232,0bhuqreza33.mp3,Aguaruna Awajun
233,0bozqbia1ew.mp3,Ilokano
234,0bulkfs32z2.mp3,Koorete
235,0bvzfg35h5l.mp3,Ashaninca
236,0byu5uwu5q5.mp3,Duri
237,0c31jv5juey.mp3,Vai
238,0c3mfhsfp1m.mp3,Karamojong
239,0cbmx1jbzs4.mp3,Awadhi
240,0cmuxvw3ffh.mp3,Guayabero
241,0ctk5jentpj.mp3,Mongolian Halh
242,0dgc1jzqx1o.mp3,Qeqchi
243,0dh2mm2410s.mp3,Waimaha
244,0evq4aags5h.mp3,Guahibo
245,0ilulplhnnl.mp3,Trio
246,0imrx4l5ej5.mp3,Galela
247,0jhk35ibhrf.mp3,Totonac Highland
